/*
SQLyog Ultimate v10.00 Beta1
MySQL - 5.6.17 : Database - leadgen
*********************************************************************
*/

/*!40101 SET NAMES utf8 */;

/*!40101 SET SQL_MODE=''*/;

/*!40014 SET @OLD_UNIQUE_CHECKS=@@UNIQUE_CHECKS, UNIQUE_CHECKS=0 */;
/*!40014 SET @OLD_FOREIGN_KEY_CHECKS=@@FOREIGN_KEY_CHECKS, FOREIGN_KEY_CHECKS=0 */;
/*!40101 SET @OLD_SQL_MODE=@@SQL_MODE, SQL_MODE='NO_AUTO_VALUE_ON_ZERO' */;
/*!40111 SET @OLD_SQL_NOTES=@@SQL_NOTES, SQL_NOTES=0 */;
CREATE DATABASE /*!32312 IF NOT EXISTS*/`leadgen` /*!40100 DEFAULT CHARACTER SET latin1 */;

USE `leadgen`;

/*Table structure for table `contact` */

DROP TABLE IF EXISTS `contact`;

CREATE TABLE `contact` (
  `contact_id` int(11) NOT NULL AUTO_INCREMENT,
  `business_name` varchar(255) DEFAULT NULL,
  `business_web_url` varchar(255) DEFAULT NULL,
  `business_phone` varchar(255) DEFAULT NULL,
  `is_verified` varchar(255) DEFAULT NULL,
  `business_category` varchar(255) DEFAULT NULL,
  `business_address` varchar(255) DEFAULT NULL,
  `business_hours` varchar(255) DEFAULT NULL,
  `google_id` int(11) DEFAULT NULL,
  `user_id` varchar(255) DEFAULT NULL,
  `business_views` varchar(255) DEFAULT NULL,
  `google_plus_link` varchar(255) DEFAULT NULL,
  `hash` varchar(255) DEFAULT NULL,
  PRIMARY KEY (`contact_id`)
) ENGINE=InnoDB AUTO_INCREMENT=41 DEFAULT CHARSET=latin1;

/*Data for the table `contact` */

insert  into `contact`(`contact_id`,`business_name`,`business_web_url`,`business_phone`,`is_verified`,`business_category`,`business_address`,`business_hours`,`google_id`,`user_id`,`business_views`,`google_plus_link`,`hash`) values (1,'Satterfield & Dempsey Jewelers','satterfieldanddempsey.com','(478) 971-1200','NO','Jeweler ','621 S Houston Lake Rd  Warner Robins, GA 31088 ','Today  9:30 am â€“ 6:00 pm  ',2147483647,'','','https://plus.google.com/113440480815440118061/about','22acf7f5c96912fd33bc42ae89b60a58'),(2,'Yelvertons Jewelers','yelverton-legacy.com','(478) 971-3724','NO','Jewelry Store ','198 S Houston Lake Rd  Warner Robins, GA 31088 ','Today  10:00 am â€“ 6:00 pm  ',2147483647,'','','https://plus.google.com/106616525171019784108/about','22acf7f5c96912fd33bc42ae89b60a58'),(3,'Gena Jayne - The Chic Boutique','genajayne.com','(478) 225-9856','YES','Boutique ','145 S Commercial Cir  Warner Robins, GA 31088 ','Today  Closed  ',2147483647,'','21,466  views','https://plus.google.com/115499959526688713202/about','22acf7f5c96912fd33bc42ae89b60a58'),(4,'E Z Jewelry & Pawn Inc','ezjewelryandpawn.com','(478) 929-4600','NO','Pawn Shop ','1247 Watson Blvd  Warner Robins, GA 31093 ','Today  10:00 am â€“ 6:00 pm  ',2147483647,'','','https://plus.google.com/102402279190708961198/about','22acf7f5c96912fd33bc42ae89b60a58'),(5,'Southern Flair','southernflair.com','(478) 333-3777','YES','Boutique ','2945 Watson Blvd  Warner Robins, GA 31093 ','Today  10:00 am â€“ 8:00 pm  ',2147483647,'','25,231  views','https://plus.google.com/113590564063697910399/about','22acf7f5c96912fd33bc42ae89b60a58'),(6,'Chuck&#39;s Gun & Pawn Shop','Entertainment and Recreation ','(478) 922-9851','NO',NULL,'603 Watson Blvd  Warner Robins, GA 31093 ',NULL,2147483647,'','','https://plus.google.com/101590717908331977746/about','22acf7f5c96912fd33bc42ae89b60a58'),(7,'Wellston Pawn Inc','wellstonpawninc.com','(478) 922-4549','NO','Jewelry Store ','2000 Moody Rd  Warner Robins, GA 31088 ','Today  9:00 am â€“ 6:00 pm  ',2147483647,'','','https://plus.google.com/109048375407376396867/about','22acf7f5c96912fd33bc42ae89b60a58'),(8,'Deborah Lynn','deborahlynn.net','(478) 808-1631','YES','Artist ','2508 Moody Rd  Warner Robins, GA 31088 ',NULL,2147483647,'','12,790  views','https://plus.google.com/112404317879997363868/about','22acf7f5c96912fd33bc42ae89b60a58'),(9,'T.J. Maxx','tjmaxx.com','(478) 971-4657','NO','Department Store  ','2724 Watson Blvd  Warner Robbins, GA 31093 ','Today  9:30 am â€“ 9:30 pm  ',2147483647,'','','https://plus.google.com/100395885011069299129/about','22acf7f5c96912fd33bc42ae89b60a58'),(10,'Pay More Gold Store','Wholesale Jeweler ','(478) 302-5258','YES','Today  11:00 am â€“ 7:00 pm  ','1506 Russell Pkwy  Warner Robins, GA 31088 ',NULL,2147483647,'','4,943  views','https://plus.google.com/113651612764195774284/about','22acf7f5c96912fd33bc42ae89b60a58'),(11,'The Brainstorm Lab','thebrainstormlab.com','(478) 471-7700','YES','Graphic Designer ','4149 Arkwright Rd  Macon, GA 31210 ','Today  10:00 am â€“ 5:00 pm  ',2147483647,'','5,835  views','https://plus.google.com/111668926044484624429/about','f65312e5a9bbdd891501edabd7c66a0e'),(12,'Third Wave Digital','twd3.com','(478) 750-7136','YES','Advertising Agency ','1841 Hardeman Ave  Macon, GA 31201 ','Today  9:00 am â€“ 5:00 pm  ',2147483647,'','9  followers&#124; 19,669  views','https://plus.google.com/116662768745434913957/about','f65312e5a9bbdd891501edabd7c66a0e'),(13,'egg media Web Design','eggmedia.com','(478) 743-6622','NO','Website Designer ','2448 Delaware Ave  Macon, GA 31204 ',NULL,2147483647,'','','https://plus.google.com/116826468896979441929/about','f65312e5a9bbdd891501edabd7c66a0e'),(14,'Najera Design, Inc.','najeradesign.com','(478) 361-4528','YES','Graphic Designer ','401 Cherry St #300  Macon, GA 31201 ',NULL,2147483647,'','1  follower&#124; 3,781  views','https://plus.google.com/112493361692507809132/about','f65312e5a9bbdd891501edabd7c66a0e'),(15,'Visibly Creative','visiblycreative.com','(478) 696-9353','YES','Website Designer ','174 W Ridge Cir  Macon, GA 31210 ',NULL,2147483647,'','1,326  views','https://plus.google.com/113250840610506258888/about','f65312e5a9bbdd891501edabd7c66a0e'),(16,'Daniel Emerson Design','danielemerson.com','(478) 238-6647','YES','Internet Marketing Service ','Macon, GA   ','Today  9:30 am â€“ 5:30 pm  ',2147483647,'','3,692  views','https://plus.google.com/114401242172846823660/about','f65312e5a9bbdd891501edabd7c66a0e'),(17,'Spinen','spinen.com','(478) 314-0600','YES','Computer Consultant ','Macon, GA   ','Today  8:00 am â€“ 6:00 pm  ',2147483647,'','4,408  views','https://plus.google.com/106929959047682167424/about','f65312e5a9bbdd891501edabd7c66a0e'),(18,'Data Unlimited Hosting','duhosting.com','(877) 398-3247','YES','Computer Consultant ','549 Bartlett St  Macon, GA 31204 ',NULL,2147483647,'','500  views','https://plus.google.com/107055527822650983397/about','f65312e5a9bbdd891501edabd7c66a0e'),(19,'Macon Hosting','maconhosting.com','(478) 318-3615','YES','Website Designer ','Macon, GA 31221   ','Today  8:00 am â€“ 8:00 pm  ',2147483647,'','10,122  views','https://plus.google.com/107726674935293932782/about','f65312e5a9bbdd891501edabd7c66a0e'),(20,'JLC Web','jlcweb.com','(478) 319-2695','YES','Website Designer ','695 Crawford Rd  Macon, GA 31210 ','Today  9:00 am â€“ 5:00 pm  ',2147483647,'','3,773  views','https://plus.google.com/116672635184965494744/about','f65312e5a9bbdd891501edabd7c66a0e'),(21,'Mercer University','mercer.edu','(478) 301-2700','YES','University ','1400 Coleman Ave  Macon, GA 31207 ',NULL,2147483647,'','5  followers&#124; 4,377,578  views','https://plus.google.com/103332365402182114741/about','d07214d7bf56e2121543539ce84d5cdd'),(22,'Wesleyan College','wesleyancollege.edu','(478) 477-1110','NO','College ','4760 Forsyth Rd  Macon, GA 31210 ',NULL,2147483647,'','','https://plus.google.com/116062555666387807521/about','d07214d7bf56e2121543539ce84d5cdd'),(23,'Mercer University Walter F. George School of Law','law.mercer.edu','(478) 301-2601','YES','Law School ','1021 Georgia Ave  Macon, GA 31207 ','Today  8:30 am â€“ 5:00 pm  ',2147483647,'','152,484  views','https://plus.google.com/113725148302907091914/about','d07214d7bf56e2121543539ce84d5cdd'),(24,'Central Georgia Technical College','centralgatech.edu','(478) 757-3400','NO','College ','3300 Macon Tech Dr  Macon, GA 31206 ',NULL,2147483647,'','','https://plus.google.com/110030671494020470639/about','d07214d7bf56e2121543539ce84d5cdd'),(25,'Middle Georgia State College - Macon Campus - Main Campus','mga.edu','(478) 471-2700','YES','Public University ','100 College Station Dr  Macon, GA 31206 ','Today  8:00 am â€“ 5:30 pm  ',2147483647,'','2  followers&#124; 77,012  views','https://plus.google.com/113039738089779529329/about','d07214d7bf56e2121543539ce84d5cdd'),(26,'Sylvan Learning of Macon','tutoring.sylvanlearning.com','(478) 257-1001','NO','Tutoring Service ','3312 Northside Dr a115  Macon, GA 31210 ','Today  9:00 am â€“ 7:30 pm  ',2147483647,'','','https://plus.google.com/110415347189671242931/about','d07214d7bf56e2121543539ce84d5cdd'),(27,'Bibb County Board-Education','bibb.k12.ga.us','(478) 765-8711','NO','Board of Education ','484 Mulberry St  Macon, GA 31201 ',NULL,2147483647,'','','https://plus.google.com/102877340695723521468/about','d07214d7bf56e2121543539ce84d5cdd'),(28,'Georgia College & State University','gcsu.edu','(478) 752-4278','NO','College ','433 Cherry St  Macon, GA 31201 ',NULL,2147483647,'','','https://plus.google.com/102802508639215486023/about','d07214d7bf56e2121543539ce84d5cdd'),(29,'Fickling & Company','fickling.com','(478) 746-9421','YES','Commercial Real Estate Agency ','577 Mulberry St #1100  Macon, GA 31202 ','Today  8:30 am â€“ 5:30 pm  ',2147483647,'','116,441  views','https://plus.google.com/101102687800543993623/about','d07214d7bf56e2121543539ce84d5cdd'),(30,'Mercer University: School of Engineering','engineering.mercer.edu','(800) 637-2378','NO','University ','1200 Prince St  Macon, GA 31201 ',NULL,2147483647,'','','https://plus.google.com/115151592233674564215/about','d07214d7bf56e2121543539ce84d5cdd'),(31,'Velox Insurance Atlanta','veloxinsurance.com','(770) 293-0623','YES','Insurance Agency ','5500 Interstate N Pkwy #435  Atlanta, GA 30328 ','Today  8:00 am â€“ 5:00 pm  ',2147483647,'','3  followers&#124; 42,458  views','https://plus.google.com/116617262998798937895/about','1d7def3bd5785e287fa28263d4fc103e'),(32,'State Farm Insurance - Quentin Franklin','qfranklin.com','(404) 575-4147','NO','Insurance Agency ','3A  587 Virginia Ave NE ','Today  8:30 am â€“ 5:00 pm  ',2147483647,'','','https://plus.google.com/108864500703159921651/about','1d7def3bd5785e287fa28263d4fc103e'),(33,'Danny Gibson','statefarm.com','(404) 524-2292','YES','Auto Insurance Agency ','215 Piedmont Ave NE #1  Atlanta, GA 30308 ','Today  8:30 am â€“ 5:00 pm  ',2147483647,'','1  follower&#124; 171,766  views','https://plus.google.com/101592009625553271907/about','1d7def3bd5785e287fa28263d4fc103e'),(34,'Peachstate Insurance','peachstateinsurance.net','(404) 624-1190','NO','Auto Insurance Agency ','1917 Pryor Rd SW #2c  Atlanta, GA 30315 ',NULL,2147483647,'','','https://plus.google.com/110615491491185374614/about','1d7def3bd5785e287fa28263d4fc103e'),(35,'Lloyd Pro Group | Nationwide Insurance','lloydprogroup.com','(404) 892-2864','YES','Insurance Agency ','1830 Water Pl #105  Atlanta, GA 30339 ','Today  8:30 am â€“ 5:00 pm  ',2147483647,'','4  followers&#124; 107,355  views','https://plus.google.com/113240959294361996910/about','1d7def3bd5785e287fa28263d4fc103e'),(36,'ATI Insurance','atiinsurance.com','(404) 622-1011','YES','Auto Insurance Agency ','1392 Moreland Ave  Atlanta, GA 30316 ','Today  10:00 am â€“ 7:00 pm  ',2147483647,'','15,858  views','https://plus.google.com/101896328570553560907/about','1d7def3bd5785e287fa28263d4fc103e'),(37,'Allstate Insurance - Anthony Edwards','agents.allstate.com','(404) 607-9770','NO','Insurance Agency ','566 Ponce De Leon Ave NE #400  Atlanta, GA 30308 ','Today  9:00 am â€“ 6:00 pm  ',2147483647,'','','https://plus.google.com/103630225891472091259/about','1d7def3bd5785e287fa28263d4fc103e'),(38,'ABT Insurance Services','atlantainsurance.net','(770) 441-0000','YES','Auto Insurance Agency ','6695 Peachtree Industrial Blvd  Atlanta, GA 30360 ','Today  9:00 am â€“ 5:00 pm  ',2147483647,'','36,227  views','https://plus.google.com/117855782773725045390/about','1d7def3bd5785e287fa28263d4fc103e'),(39,'Corwin Robison II State Farm Insurance','corwinrobison.com','(404) 810-0000','YES','Auto Insurance Agency ','75 Ponce De Leon Ave NE  Atlanta, GA 30308 ','Today  9:00 am â€“ 5:00 pm  ',2147483647,'','82,636  views','https://plus.google.com/105119390586367434420/about','1d7def3bd5785e287fa28263d4fc103e'),(40,'Cedric Taylor - State Farm Insurance Agent','cedrictaylor.net','(404) 817-8088','YES','Auto Insurance Agency ','798 Marietta St NW  Atlanta, GA 30318 ',NULL,2147483647,'','156,080  views','https://plus.google.com/100056147461988004625/about','1d7def3bd5785e287fa28263d4fc103e');

/*Table structure for table `note` */

DROP TABLE IF EXISTS `note`;

CREATE TABLE `note` (
  `note_id` int(11) NOT NULL AUTO_INCREMENT,
  `contact_id` int(11) DEFAULT NULL,
  `message` text,
  `date_added` varchar(255) DEFAULT NULL,
  `user` varchar(255) DEFAULT NULL,
  `user_id` int(11) DEFAULT NULL,
  PRIMARY KEY (`note_id`)
) ENGINE=InnoDB AUTO_INCREMENT=5 DEFAULT CHARSET=latin1;

/*Data for the table `note` */

insert  into `note`(`note_id`,`contact_id`,`message`,`date_added`,`user`,`user_id`) values (1,1,'howdy','07/27/2014 at 05:47 am',NULL,4),(2,1,'test','07/27/2014 at 05:48 am',NULL,4),(3,2,'This is a test note.','07/27/2014 at 09:55 pm',NULL,4),(4,2,'called. spoke with NAME HERE. Said to call back next week.','07/27/2014 at 09:55 pm',NULL,4);

/*Table structure for table `tmp_contact` */

DROP TABLE IF EXISTS `tmp_contact`;

CREATE TABLE `tmp_contact` (
  `tmp_contact_id` int(11) NOT NULL AUTO_INCREMENT,
  `google_plus_link` varchar(255) DEFAULT NULL,
  `business_name` varchar(255) DEFAULT NULL,
  `is_verified` varchar(255) DEFAULT NULL,
  `business_address` varchar(255) DEFAULT NULL,
  `business_phone` varchar(255) DEFAULT NULL,
  `business_web_url` varchar(255) DEFAULT NULL,
  `business_category` varchar(255) DEFAULT NULL,
  `business_hours` varchar(255) DEFAULT NULL,
  `business_tags` varchar(255) DEFAULT NULL,
  `business_views` varchar(255) DEFAULT NULL,
  `tmp_hash` varchar(255) DEFAULT NULL,
  `google_id` varchar(255) DEFAULT NULL,
  PRIMARY KEY (`tmp_contact_id`)
) ENGINE=InnoDB AUTO_INCREMENT=51 DEFAULT CHARSET=latin1;

/*Data for the table `tmp_contact` */

insert  into `tmp_contact`(`tmp_contact_id`,`google_plus_link`,`business_name`,`is_verified`,`business_address`,`business_phone`,`business_web_url`,`business_category`,`business_hours`,`business_tags`,`business_views`,`tmp_hash`,`google_id`) values (1,'https://plus.google.com/109762235869058343277/about','Worthmore Jewelers','YES','500 Amsterdam Ave NE  Atlanta, GA 30306 ','(404) 892-8294','worthmorejewelers.com','Art Gallery ','Today  12:00 â€“ 5:30 pm  ',NULL,'163,552  views','81a9f244e3aa5763d29dde02cdf9133a','109762235869058343277'),(2,'https://plus.google.com/107080926357683038348/about','Midtown Jewelers','YES','1544 Piedmont Ave NE #129  Atlanta, GA 30324 ','(404) 724-9900','midtownjewelers.net','Jewelry Designer ','Today  Closed  ',NULL,'119,904  views','81a9f244e3aa5763d29dde02cdf9133a','107080926357683038348'),(3,'https://plus.google.com/107629966170534906552/about','Solomon Brothers Fine Jewelry','YES','3340 Peachtree Rd NE #1700  Atlanta, GA 30326 ','(404) 266-0266','solomonbrothers.com','Jewelry Store  ',NULL,NULL,'1  follower&#124; 518,940  views','81a9f244e3aa5763d29dde02cdf9133a','107629966170534906552'),(4,'https://plus.google.com/103592360723733041213/about','LeeBrant Jewelers','YES','127 Perimeter Center W  Dunwoody, GA 30346 ','(770) 551-8850','leebrant.com','Jeweler ','Today  Closed  ',NULL,'74,874  views','81a9f244e3aa5763d29dde02cdf9133a','103592360723733041213'),(5,'https://plus.google.com/113358138213902420007/about','Regal Collection Corporation Fine Jewelry by Mack','YES','3050 Peachtree Rd NW #250  Atlanta, GA 30305 ','(404) 846-2525','regalcollectioncorp.com','Jeweler ',NULL,NULL,'73,111  views','81a9f244e3aa5763d29dde02cdf9133a','113358138213902420007'),(6,'https://plus.google.com/109231487512256917728/about','Brown & Co. Jewelers','YES','3225 Peachtree Rd NE  Atlanta, GA 30305 ','(404) 814-9800','brownjewelers.com','Jeweler  ','Today  Closed  ',NULL,'123,078  views','81a9f244e3aa5763d29dde02cdf9133a','109231487512256917728'),(7,'https://plus.google.com/111914019096398227271/about','atlantajewelerssupply','YES','250 Spring St NW #6  Atlanta, GA 30303 ','(404) 524-2532','atlantajewelerssupply.com','Jewelry Equipment Supplier ','Today  9:00 am â€“ 5:00 pm  ',NULL,'47,858  views','81a9f244e3aa5763d29dde02cdf9133a','111914019096398227271'),(8,'https://plus.google.com/106567411257116890255/about','H & A International Jewelry','NO','1820 Independence Square  Dunwoody, GA 30338 ','(770) 396-3456','hajewelry.com','Appraiser ','Today  Closed  ',NULL,'','81a9f244e3aa5763d29dde02cdf9133a','106567411257116890255'),(9,'https://plus.google.com/102102223675129162988/about','Icebox Custom Jewelry','YES','3255 Peachtree Rd NE  Atlanta, GA 30305 ','(404) 842-0266','iceboxjewelry.com','Jeweler ','Today  Closed  ',NULL,'1  follower&#124; 145,565  views','81a9f244e3aa5763d29dde02cdf9133a','102102223675129162988'),(10,'https://plus.google.com/112785718852939298064/about','Palas Jewelers','YES','3209 Paces Ferry Pl NW  Atlanta, GA 30305 ','(404) 846-8122','palasjewelers.com','Jeweler ','Today  Closed  ',NULL,'107,697  views','81a9f244e3aa5763d29dde02cdf9133a','112785718852939298064'),(11,'https://plus.google.com/113440480815440118061/about','Satterfield & Dempsey Jewelers','NO','621 S Houston Lake Rd  Warner Robins, GA 31088 ','(478) 971-1200','satterfieldanddempsey.com','Jeweler ','Today  Closed  ',NULL,'','9b38890a566668b83346d5516ade65ff','113440480815440118061'),(12,'https://plus.google.com/106616525171019784108/about','Yelvertons Jewelers','NO','198 S Houston Lake Rd  Warner Robins, GA 31088 ','(478) 971-3724','yelverton-legacy.com','Jewelry Store ','Today  Closed  ',NULL,'','9b38890a566668b83346d5516ade65ff','106616525171019784108'),(13,'https://plus.google.com/115499959526688713202/about','Gena Jayne - The Chic Boutique','YES','145 S Commercial Cir  Warner Robins, GA 31088 ','(478) 225-9856','genajayne.com','Boutique ','Today  Closed  ',NULL,'21,427  views','9b38890a566668b83346d5516ade65ff','115499959526688713202'),(14,'https://plus.google.com/102402279190708961198/about','E Z Jewelry & Pawn Inc','NO','1247 Watson Blvd  Warner Robins, GA 31093 ','(478) 929-4600','ezjewelryandpawn.com','Pawn Shop ','Today  Closed  ',NULL,'','9b38890a566668b83346d5516ade65ff','102402279190708961198'),(15,'https://plus.google.com/113590564063697910399/about','Southern Flair','YES','2945 Watson Blvd  Warner Robins, GA 31093 ','(478) 333-3777','southernflair.com','Boutique ','Today  1:00 â€“ 5:00 pm  ',NULL,'25,205  views','9b38890a566668b83346d5516ade65ff','113590564063697910399'),(16,'https://plus.google.com/101590717908331977746/about','Chuck&#39;s Gun & Pawn Shop','NO','603 Watson Blvd  Warner Robins, GA 31093 ','(478) 922-9851','Entertainment and Recreation ',NULL,NULL,NULL,'','9b38890a566668b83346d5516ade65ff','101590717908331977746'),(17,'https://plus.google.com/109048375407376396867/about','Wellston Pawn Inc','NO','2000 Moody Rd  Warner Robins, GA 31088 ','(478) 922-4549','wellstonpawninc.com','Jewelry Store ','Today  Closed  ',NULL,'','9b38890a566668b83346d5516ade65ff','109048375407376396867'),(18,'https://plus.google.com/112404317879997363868/about','Deborah Lynn','YES','2508 Moody Rd  Warner Robins, GA 31088 ','(478) 808-1631','deborahlynn.net','Artist ',NULL,NULL,'12,775  views','9b38890a566668b83346d5516ade65ff','112404317879997363868'),(19,'https://plus.google.com/100395885011069299129/about','T.J. Maxx','NO','2724 Watson Blvd  Warner Robbins, GA 31093 ','(478) 971-4657','tjmaxx.com','Department Store  ','Today  11:00 am â€“ 8:00 pm  ',NULL,'','9b38890a566668b83346d5516ade65ff','100395885011069299129'),(20,'https://plus.google.com/113651612764195774284/about','Pay More Gold Store','YES','1506 Russell Pkwy  Warner Robins, GA 31088 ','(478) 302-5258','Wholesale Jeweler ','Today  Closed  ',NULL,NULL,'4,928  views','9b38890a566668b83346d5516ade65ff','113651612764195774284'),(21,'https://plus.google.com/113440480815440118061/about','Satterfield & Dempsey Jewelers','NO','621 S Houston Lake Rd  Warner Robins, GA 31088 ','(478) 971-1200','satterfieldanddempsey.com','Jeweler ','Today  Closed  ',NULL,'','a54fa306a3049fe9a3e52f1218249bc1','113440480815440118061'),(22,'https://plus.google.com/106616525171019784108/about','Yelvertons Jewelers','NO','198 S Houston Lake Rd  Warner Robins, GA 31088 ','(478) 971-3724','yelverton-legacy.com','Jewelry Store ','Today  Closed  ',NULL,'','a54fa306a3049fe9a3e52f1218249bc1','106616525171019784108'),(23,'https://plus.google.com/115499959526688713202/about','Gena Jayne - The Chic Boutique','YES','145 S Commercial Cir  Warner Robins, GA 31088 ','(478) 225-9856','genajayne.com','Boutique ','Today  Closed  ',NULL,'21,427  views','a54fa306a3049fe9a3e52f1218249bc1','115499959526688713202'),(24,'https://plus.google.com/102402279190708961198/about','E Z Jewelry & Pawn Inc','NO','1247 Watson Blvd  Warner Robins, GA 31093 ','(478) 929-4600','ezjewelryandpawn.com','Pawn Shop ','Today  Closed  ',NULL,'','a54fa306a3049fe9a3e52f1218249bc1','102402279190708961198'),(25,'https://plus.google.com/113590564063697910399/about','Southern Flair','YES','2945 Watson Blvd  Warner Robins, GA 31093 ','(478) 333-3777','southernflair.com','Boutique ','Today  1:00 â€“ 5:00 pm  ',NULL,'25,205  views','a54fa306a3049fe9a3e52f1218249bc1','113590564063697910399'),(26,'https://plus.google.com/101590717908331977746/about','Chuck&#39;s Gun & Pawn Shop','NO','603 Watson Blvd  Warner Robins, GA 31093 ','(478) 922-9851','Entertainment and Recreation ',NULL,NULL,NULL,'','a54fa306a3049fe9a3e52f1218249bc1','101590717908331977746'),(27,'https://plus.google.com/109048375407376396867/about','Wellston Pawn Inc','NO','2000 Moody Rd  Warner Robins, GA 31088 ','(478) 922-4549','wellstonpawninc.com','Jewelry Store ','Today  Closed  ',NULL,'','a54fa306a3049fe9a3e52f1218249bc1','109048375407376396867'),(28,'https://plus.google.com/112404317879997363868/about','Deborah Lynn','YES','2508 Moody Rd  Warner Robins, GA 31088 ','(478) 808-1631','deborahlynn.net','Artist ',NULL,NULL,'12,775  views','a54fa306a3049fe9a3e52f1218249bc1','112404317879997363868'),(29,'https://plus.google.com/100395885011069299129/about','T.J. Maxx','NO','2724 Watson Blvd  Warner Robbins, GA 31093 ','(478) 971-4657','tjmaxx.com','Department Store  ','Today  11:00 am â€“ 8:00 pm  ',NULL,'','a54fa306a3049fe9a3e52f1218249bc1','100395885011069299129'),(30,'https://plus.google.com/113651612764195774284/about','Pay More Gold Store','YES','1506 Russell Pkwy  Warner Robins, GA 31088 ','(478) 302-5258','Wholesale Jeweler ','Today  Closed  ',NULL,NULL,'4,928  views','a54fa306a3049fe9a3e52f1218249bc1','113651612764195774284'),(31,'https://plus.google.com/108634722004353799842/about','Lee&#39;s Brake Muffler & Tire Service','YES','108 Industrial Dr  Sandersville, GA 31082 ','(478) 552-5057','leesbmt.com','Brake Shop ','Today  8:00 am â€“ 5:00 pm  ',NULL,'1  follower&#124; 7,455  views','dcd3413e24e2c81e3d5c83137e27e5b3','108634722004353799842'),(32,'https://plus.google.com/118379430703233403973/about','Louie Herron Toyota','NO','2401 N Columbia St  Milledgeville, GA 31061 ','(877) 347-0052','louieherrontoyota.com','Toyota Dealer ','Today  9:00 am â€“ 8:00 pm  ',NULL,'','dcd3413e24e2c81e3d5c83137e27e5b3','118379430703233403973'),(33,'https://plus.google.com/107935690045529635259/about','Fleming&#39;s Auto Recycling','YES','125 Mt Carmel Rd  McIntyre, GA 31054 ','(478) 946-2382','Oil Change Service ','Today  9:00 am â€“ 6:00 pm  ',NULL,NULL,'1  follower&#124; 8,830  views','dcd3413e24e2c81e3d5c83137e27e5b3','107935690045529635259'),(34,'https://plus.google.com/113108339973203305345/about','Ivey&#39;s Tire Service','YES','900 N Jefferson St  Milledgeville, GA 31061 ','(478) 452-2621','iveystire.com','Tire Shop ','Today  8:00 am â€“ 6:00 pm  ',NULL,'24,376  views','dcd3413e24e2c81e3d5c83137e27e5b3','113108339973203305345'),(35,'https://plus.google.com/102423809803161579564/about','W & S Mechanic Shop','NO','2009 Mt Olive Rd  Montrose, GA 31065 ','(478) 676-4151','Auto Repair Shop ',NULL,NULL,NULL,'','dcd3413e24e2c81e3d5c83137e27e5b3','102423809803161579564'),(36,'https://plus.google.com/112133350303698664654/about','Louie Herron Tire & Service','YES','2401 N Columbia St  Milledgeville, GA 31061 ','(877) 219-1504','louieherrontireandservice.com','Car Service ','Today  7:30 am â€“ 6:00 pm  ',NULL,'7,844  views','dcd3413e24e2c81e3d5c83137e27e5b3','112133350303698664654'),(37,'https://plus.google.com/104231452366827941916/about','Cammack&#39;s Automotive Repair Services, Inc.','NO','1800 Telfair St  Dublin, GA 31021 ','(478) 272-4572','cammacksautomotive.com','Auto Parts Store ',NULL,NULL,'','dcd3413e24e2c81e3d5c83137e27e5b3','104231452366827941916'),(38,'https://plus.google.com/103791108192919458917/about','Meineke Car Care Center','YES','1905 1st St  Vidalia, GA 30474 ','(912) 538-8626','meineke.com','Auto Repair Shop ','Today  7:30 am â€“ 6:00 pm  ',NULL,'4,523  views','dcd3413e24e2c81e3d5c83137e27e5b3','103791108192919458917'),(39,'https://plus.google.com/117668323533702193151/about','O&#39;Reilly Auto Parts','NO','1167 S Harris St  Sandersville, GA 31082 ','(478) 553-1278','oreillyauto.com','Auto Parts Store ','Today  7:30 am â€“ 9:00 pm  ',NULL,'','dcd3413e24e2c81e3d5c83137e27e5b3','117668323533702193151'),(40,'https://plus.google.com/110450812173280739621/about','O&#39;Reilly Auto Parts','NO','706 N Jefferson St  Dublin, GA 31021 ','(478) 272-9907','oreillyauto.com','Auto Parts Store ','Today  7:30 am â€“ 9:00 pm  ',NULL,'','dcd3413e24e2c81e3d5c83137e27e5b3','110450812173280739621'),(41,'https://plus.google.com/108634722004353799842/about','Lee&#39;s Brake Muffler & Tire Service','YES','108 Industrial Dr  Sandersville, GA 31082 ','(478) 552-5057','leesbmt.com','Brake Shop ','Today  8:00 am â€“ 5:00 pm  ',NULL,'1  follower&#124; 7,455  views','a009696b9fce694b524bb8828805a672','108634722004353799842'),(42,'https://plus.google.com/118379430703233403973/about','Louie Herron Toyota','NO','2401 N Columbia St  Milledgeville, GA 31061 ','(877) 347-0052','louieherrontoyota.com','Toyota Dealer ','Today  9:00 am â€“ 8:00 pm  ',NULL,'','a009696b9fce694b524bb8828805a672','118379430703233403973'),(43,'https://plus.google.com/107935690045529635259/about','Fleming&#39;s Auto Recycling','YES','125 Mt Carmel Rd  McIntyre, GA 31054 ','(478) 946-2382','Oil Change Service ','Today  9:00 am â€“ 6:00 pm  ',NULL,NULL,'1  follower&#124; 8,830  views','a009696b9fce694b524bb8828805a672','107935690045529635259'),(44,'https://plus.google.com/113108339973203305345/about','Ivey&#39;s Tire Service','YES','900 N Jefferson St  Milledgeville, GA 31061 ','(478) 452-2621','iveystire.com','Tire Shop ','Today  8:00 am â€“ 6:00 pm  ',NULL,'24,376  views','a009696b9fce694b524bb8828805a672','113108339973203305345'),(45,'https://plus.google.com/102423809803161579564/about','W & S Mechanic Shop','NO','2009 Mt Olive Rd  Montrose, GA 31065 ','(478) 676-4151','Auto Repair Shop ',NULL,NULL,NULL,'','a009696b9fce694b524bb8828805a672','102423809803161579564'),(46,'https://plus.google.com/112133350303698664654/about','Louie Herron Tire & Service','YES','2401 N Columbia St  Milledgeville, GA 31061 ','(877) 219-1504','louieherrontireandservice.com','Car Service ','Today  7:30 am â€“ 6:00 pm  ',NULL,'7,844  views','a009696b9fce694b524bb8828805a672','112133350303698664654'),(47,'https://plus.google.com/104231452366827941916/about','Cammack&#39;s Automotive Repair Services, Inc.','NO','1800 Telfair St  Dublin, GA 31021 ','(478) 272-4572','cammacksautomotive.com','Auto Parts Store ',NULL,NULL,'','a009696b9fce694b524bb8828805a672','104231452366827941916'),(48,'https://plus.google.com/103791108192919458917/about','Meineke Car Care Center','YES','1905 1st St  Vidalia, GA 30474 ','(912) 538-8626','meineke.com','Auto Repair Shop ','Today  7:30 am â€“ 6:00 pm  ',NULL,'4,523  views','a009696b9fce694b524bb8828805a672','103791108192919458917'),(49,'https://plus.google.com/117668323533702193151/about','O&#39;Reilly Auto Parts','NO','1167 S Harris St  Sandersville, GA 31082 ','(478) 553-1278','oreillyauto.com','Auto Parts Store ','Today  7:30 am â€“ 9:00 pm  ',NULL,'','a009696b9fce694b524bb8828805a672','117668323533702193151'),(50,'https://plus.google.com/110450812173280739621/about','O&#39;Reilly Auto Parts','NO','706 N Jefferson St  Dublin, GA 31021 ','(478) 272-9907','oreillyauto.com','Auto Parts Store ','Today  7:30 am â€“ 9:00 pm  ',NULL,'','a009696b9fce694b524bb8828805a672','110450812173280739621');

/*Table structure for table `user` */

DROP TABLE IF EXISTS `user`;

CREATE TABLE `user` (
  `user_id` int(11) NOT NULL AUTO_INCREMENT,
  `email` varchar(255) DEFAULT NULL,
  `password` varchar(255) DEFAULT NULL,
  `name` varchar(255) DEFAULT NULL,
  `last_seen` varchar(255) DEFAULT NULL,
  PRIMARY KEY (`user_id`)
) ENGINE=InnoDB AUTO_INCREMENT=6 DEFAULT CHARSET=latin1;

/*Data for the table `user` */

insert  into `user`(`user_id`,`email`,`password`,`name`,`last_seen`) values (4,'dan@danscs.com','1816f55074e4dff3822f81ce018d1326','Dan Sikes','2014-07-28 09:58:07 pm'),(5,'kingent1985@gmail.com','1816f55074e4dff3822f81ce018d1326','Dustin King',NULL);

/*!40101 SET SQL_MODE=@OLD_SQL_MODE */;
/*!40014 SET FOREIGN_KEY_CHECKS=@OLD_FOREIGN_KEY_CHECKS */;
/*!40014 SET UNIQUE_CHECKS=@OLD_UNIQUE_CHECKS */;
/*!40111 SET SQL_NOTES=@OLD_SQL_NOTES */;
